{
    "template1": [-2.82475501e-01,  1.39126942e-01,  3.59854162e-01,  8.09040070e-02,
    -1.33353444e-02,  1.44674584e-01,  2.73578018e-02,  1.93256110e-01,
    -3.15741718e-01,  2.47431248e-01,  6.26411885e-02, -3.10615152e-01,
     3.30378920e-01, -1.20790325e-01,  4.08438057e-01, -1.93495199e-01,
     7.82945007e-02, -1.60401426e-02, -1.76351100e-01, -5.16433604e-02,
     1.15689099e-01, -2.99886763e-01,  1.80787951e-01,  7.91199878e-02,
     2.60778576e-01, -1.96316347e-01, -8.26192945e-02, -2.64233500e-01,
    -1.89195454e-01, -5.35115488e-02, -2.22994424e-02,  4.98989910e-01,
    -3.69033553e-02,  7.47882873e-02,  1.95613593e-01,  1.85737178e-01,
     1.50979251e-01,  1.51029795e-01,  1.32700056e-01, -5.93920536e-02,
    -2.01897740e-01, -2.86139071e-01,  1.18961655e-01, -1.61513299e-01,
     4.26324569e-02,  1.05388518e-02,  2.88349569e-01, -2.34399319e-01,
    -2.59888172e-01, -5.33626735e-01,  2.14545175e-01,  3.28338593e-02,
     2.86828101e-01,  1.07744789e+00, -2.16296598e-01, -2.32292223e+00,
    -1.21899843e-01, -2.01729923e-01,  1.67020953e+00,  4.40273434e-01,
     5.50143942e-02,  6.74505413e-01, -1.23137757e-01,  3.55222613e-01,
     7.39973187e-01,  4.46859486e-02,  2.15887934e-01, -1.16927568e-02,
     5.12699306e-01, -2.49434505e-02, -2.83800185e-01, -4.57607545e-02,
     1.98690549e-01,  9.49591398e-04,  3.50818038e-01,  1.19423000e-02,
    -6.39203489e-02, -3.69196504e-01, -6.78930640e-01, -7.25902542e-02,
     6.40567482e-01,  1.05400786e-01, -5.80327988e-01,  2.48053037e-02,
    -1.24156702e+00,  2.03729942e-02,  3.92923206e-01, -2.71356165e-01,
     7.68835396e-02, -2.12411046e-01, -1.29015654e-01,  9.20910984e-02,
    -2.48494536e-01,  1.05130896e-01, -2.36087173e-01,  4.18055542e-02,
    -1.57029867e-01, -4.88241017e-01,  6.73727572e-01,  1.05841961e-02],
    "template2": [-3.38972002e-01,  3.34107608e-01,  1.79300636e-01, -4.80271652e-02,
    1.86727494e-01,  2.19897196e-01, -1.62680194e-01,  2.08733991e-01,
   -2.05217600e-01,  1.61415696e-01, -9.82030947e-03, -1.93039522e-01,
    3.55862111e-01,  1.41375110e-01,  4.19634998e-01, -2.36674219e-01,
    1.90596610e-01,  1.75047904e-01, -2.08839819e-01,  9.51702967e-02,
    1.40898302e-01, -3.74613196e-01,  2.66595781e-01,  2.01277025e-02,
    8.84290487e-02, -3.31996888e-01,  2.09065437e-01, -2.16010094e-01,
   -2.00787023e-01,  5.08234985e-02,  1.25678986e-01,  3.94608974e-01,
   -8.63448977e-02, -5.27159944e-02,  3.33662987e-01,  2.40162298e-01,
    1.02449313e-01,  2.04754904e-01,  1.26393303e-01, -1.32479961e-03,
   -3.34616393e-01, -2.39122033e-01,  2.40951732e-01, -2.59500802e-01,
   -5.68308905e-02,  3.82810012e-02,  1.38384983e-01, -1.76548287e-01,
   -3.84417951e-01, -5.55287004e-01,  2.37937003e-01, -8.93000048e-03,
    1.80305898e-01,  9.50064957e-01, -2.28451878e-01, -2.19825983e+00,
    2.31365990e-02, -3.43599617e-01,  1.76003993e+00,  5.37434995e-01,
   -2.03020781e-01,  9.92102981e-01,  1.87589042e-02,  3.24280828e-01,
    8.21808040e-01,  6.54094070e-02,  2.73934424e-01,  1.58461884e-01,
    2.97759831e-01, -3.18850100e-01, -2.56069005e-01, -1.71568692e-01,
    6.39130920e-02, -1.63165703e-01,  1.75869599e-01,  1.14256814e-01,
   -3.69343013e-02, -6.27835020e-02, -9.59500968e-01, -8.09861049e-02,
    6.76628053e-01, -6.93041980e-02, -5.48504949e-01,  1.61200896e-01,
   -1.57670116e+00,  6.39581308e-02,  1.29184365e-01, -2.76703298e-01,
    5.40097069e-04, -2.28112698e-01, -2.70044595e-01,  1.02465808e-01,
   -1.41279906e-01, -3.26383002e-02, -4.66058493e-01, -1.76317040e-02,
   -4.90190089e-01, -6.05321407e-01,  9.81554031e-01,  1.06401101e-01]
}